TABLET NAME,MFG DATE,EXP DATE,REC.DATE,     MRP
Abarelix,11-11-17,10-05-18,21-11-17,1466
Abatacept,28-03-18,24-09-18,07-04-18,601
Abciximab,16-04-17,13-10-17,26-04-17,1068
Abelcet,28-10-17,26-04-18,07-11-17,510
Abilify,15-03-18,11-09-18,25-03-18,632
Abraxane,27-08-17,23-02-18,06-09-17,965
Acamprosate Calcium,11-07-17,07-01-18,21-07-17,728
Acarbose,14-02-17,13-08-17,24-02-17,836
Accolate,05-03-17,01-09-17,15-03-17,406
Accretropin,03-03-18,30-08-18,13-03-18,542
AccuNeb,20-04-18,17-10-18,30-04-18,169
Accupril,14-03-17,10-09-17,24-03-17,1393
Accutane,30-03-17,26-09-17,09-04-17,213
Acebutolol,11-02-17,10-08-17,21-02-17,991
Aceon,14-02-18,13-08-18,24-02-18,1057
Acetadote,24-01-18,23-07-18,03-02-18,1274
Acetaminophen,13-10-17,11-04-18,23-10-17,241
Acetic Acid,25-04-17,22-10-17,05-05-17,240
Aci-Jel,03-01-18,02-07-18,13-01-18,992
Aciphex,21-07-17,17-01-18,31-07-17,571
Acitretin,02-04-18,29-09-18,12-04-18,1206
Aclovate,26-12-17,24-06-18,05-01-18,698
Acrivastine and Pseudoephedrine,02-04-18,29-09-18,12-04-18,124
Actemra,25-11-17,24-05-18,05-12-17,362
Acthrel,28-02-18,27-08-18,10-03-18,1431
Acticin,05-01-18,04-07-18,15-01-18,335
Actimmune,17-02-17,16-08-17,27-02-17,708
Actiq,02-03-17,29-08-17,12-03-17,558
Actisite,15-07-17,11-01-18,25-07-17,128
Activase,26-08-17,22-02-18,05-09-17,1425
Activella,17-07-17,13-01-18,27-07-17,437
Actonel,01-04-17,28-09-17,11-04-17,936
Actos,28-04-17,25-10-17,08-05-17,1232
Acular,01-06-17,28-11-17,11-06-17,1235
Acular LS,25-06-17,22-12-17,05-07-17,395
Acuvail,14-02-17,13-08-17,24-02-17,969
Acyclovir,20-05-17,16-11-17,30-05-17,1058
Sodium Bicarbonate,16-03-18,12-09-18,26-03-18,842
Bismuth Subsalicylate,24-01-18,23-07-18,03-02-18,1101
Histamine H2 Receptor Antagonists,17-03-17,13-09-17,27-03-17,324
Hyoscyamine,16-01-18,15-07-18,26-01-18,247
Proton Pump Inhibitors,14-02-18,13-08-18,24-02-18,419
Simethicone,17-03-18,13-09-18,27-03-18,995
Sodium Bicarbonate,11-09-17,10-03-18,21-09-17,1075
Anti-acne Cleansing,24-03-18,20-09-18,03-04-18,1330
Topical Antibiotics,10-04-17,07-10-17,20-04-17,570
Oral Antibiotics,28-10-17,26-04-18,07-11-17,405
Azelaic Acid,03-03-17,30-08-17,13-03-17,1045
Benzoyl Peroxide,18-10-17,16-04-18,28-10-17,972
Isotretinoin,24-03-17,20-09-17,03-04-17,1069
Keratolytics,21-11-17,20-05-18,01-12-17,308
Retinoids,21-03-18,17-09-18,31-03-18,1110
Fluorouracil,11-04-18,08-10-18,21-04-18,1106
Masoprocol,27-02-18,26-08-18,09-03-18,224
Antithrombotic Agents,11-11-17,10-05-18,21-11-17,1142
Nitroglycerin,26-04-17,23-10-17,06-05-17,1273
Angiotensin Converting Enzyme,24-09-17,23-03-18,04-10-17,535
Beta-Adrenergic Blockers,04-07-17,31-12-17,14-07-17,665
Angiotensin-Receptor Blockers,26-02-17,25-08-17,08-03-17,1252
Thrombolytics,25-06-17,22-12-17,05-07-17,1256
Adrenocorticoids,28-02-18,27-08-18,10-03-18,822
Dehydroepiandrosterone,17-03-17,13-09-17,27-03-17,534
Fusion Inhibitors,22-02-17,21-08-17,04-03-17,200
Non-Nucleoside Reverse Transcriptase Inhibitors,18-10-17,16-04-18,28-10-17,1098
Nucleoside Reverse Transcriptase Inhibitors,17-05-17,13-11-17,27-05-17,1119
Nucleotide Reverse Transcriptase Inhibitors,16-02-17,15-08-17,26-02-17,1474
Protease Inhibitors,04-07-17,31-12-17,14-07-17,540
Benzodiazepines,09-01-18,08-07-18,19-01-18,1007
Beta Adrenergic Blocking Agents,22-01-18,21-07-18,01-02-18,388
Carbamazepine,08-03-17,04-09-17,18-03-17,641
Disulfiram,25-12-17,23-06-18,04-01-18,1207
Hydroxyzine,06-07-17,02-01-18,16-07-17,1080
Lithium,26-01-18,25-07-18,05-02-18,232
Naltrexone,20-03-18,16-09-18,30-03-18,1284
Thiamine,03-01-18,02-07-18,13-01-18,396
Phenobarbital,13-04-18,10-10-18,23-04-18,1058
Adrenocorticoids,16-08-17,12-02-18,26-08-17,128
Antihistamines,28-03-18,24-09-18,07-04-18,249
Antihistamines,28-06-17,25-12-17,08-07-17,1373
Antihistamines,22-03-18,18-09-18,01-04-18,920
Azelastine,03-03-17,30-08-17,13-03-17,738
Cromolyn,01-07-17,28-12-17,11-07-17,492
Decongestants,06-10-17,04-04-18,16-10-17,1262
Ephedrine,20-11-17,19-05-18,30-11-17,1093
Hydroxyzine,04-02-17,03-08-17,14-02-17,1472
Dutasteride,29-12-17,27-06-18,08-01-18,590
Finasteride,29-05-17,25-11-17,08-06-17,823
Minoxidil,04-05-17,31-10-17,14-05-17,1146
Carbonic Anhydrase Inhibitors,03-05-17,30-10-17,13-05-17,912
Cholinesterase Inhibitors,03-02-18,02-08-18,13-02-18,891
Memantine,26-08-17,22-02-18,05-09-17,984
Chloroquine,12-08-17,08-02-18,22-08-17,396
Iodoquinol,29-11-17,28-05-18,09-12-17,834
Metronidazole,18-03-17,14-09-17,28-03-17,167
Bromocriptine,12-03-17,08-09-17,22-03-17,1455
Progestins,25-05-17,21-11-17,04-06-17,788
Riluzole,16-05-17,12-11-17,26-05-17,720
Adrenocorticoids,26-11-17,25-05-18,06-12-17,1046
Androgens,17-11-17,16-05-18,27-11-17,717
Cyclosporine,27-04-17,24-10-17,07-05-17,532
Folic Acid,07-03-18,03-09-18,17-03-18,1279
Iron Supplements,03-09-17,02-03-18,13-09-17,909
Leucovorin,09-09-17,08-03-18,19-09-17,178
Vitamin B-12,01-08-17,28-01-18,11-08-17,306
Antiplatelet Agents,18-03-18,14-09-18,28-03-18,439
Beta Adrenergic Blocking Agents,07-08-17,03-02-18,17-08-17,1465
Calcium Channel Blockers,28-01-18,27-07-18,07-02-18,1214
Ranolazine,16-03-17,12-09-17,26-03-17,880
Nitrates,02-08-17,29-01-18,12-08-17,892
Calcium Carbonate,27-03-18,23-09-18,06-04-18,374
Calcium Gluconate,18-06-17,15-12-17,28-06-17,187
Potassium Chloride,20-04-17,17-10-17,30-04-17,168
Antidepressants,31-01-18,30-07-18,10-02-18,695
Progestins,22-05-17,18-11-17,01-06-17,243
Fluoxetine,05-12-17,03-06-18,15-12-17,1311
Antidepressants,24-03-17,20-09-17,03-04-17,1016
Barbiturates,10-09-17,09-03-18,20-09-17,841
Benzodiazepines,04-04-18,01-10-18,14-04-18,413
Beta Adrenergic Blocking Agents,13-04-18,10-10-18,23-04-18,1256
Buspirone,26-09-17,25-03-18,06-10-17,349
Ergotamine,22-08-17,18-02-18,01-09-17,364
Haloperidol,15-08-17,11-02-18,25-08-17,674
Hydroxyzine,09-05-17,05-11-17,19-05-17,1446
Loxapine,16-10-17,14-04-18,26-10-17,710
Meprobamate,23-12-17,21-06-18,02-01-18,1241
Phenothiazines,25-09-17,24-03-18,05-10-17,924
Thiothixene,27-03-18,23-09-18,06-04-18,1486
Antihistamines,09-01-18,08-07-18,19-01-18,316
Dronabinol,01-07-17,28-12-17,11-07-17,1014
Megestrol,21-03-17,17-09-17,31-03-17,298
Acetaminophen,15-08-17,11-02-18,25-08-17,1273
Adrenocorticoids,20-04-17,17-10-17,30-04-17,329
Anakinra,30-07-17,26-01-18,09-08-17,1391
Antihistamines,19-07-17,15-01-18,29-07-17,1015
COX-2 Inhibitors,24-03-17,20-09-17,03-04-17,1473
NSAIDs,19-07-17,15-01-18,29-07-17,906
Aspirin,07-09-17,06-03-18,17-09-17,271
Azathioprine,18-12-17,16-06-18,28-12-17,502
Bronchodilators,05-12-17,03-06-18,15-12-17,419
Bronchodilators,24-01-18,23-07-18,03-02-18,1062
Capsaicin,28-02-18,27-08-18,10-03-18,1434
Chloroquine,09-04-17,06-10-17,19-04-17,520
Cyclosporine,12-07-17,08-01-18,22-07-17,357
Gold Compounds,29-09-17,28-03-18,09-10-17,490
Hydroxychloroquine,05-04-17,02-10-17,15-04-17,282
Leukotriene Modifiers,22-06-17,19-12-17,02-07-17,1460
Methotrexate,27-11-17,26-05-18,07-12-17,399
Tumor Necrosis Factor Blockers,29-03-18,25-09-18,08-04-18,561
Adrenocorticoids,20-12-17,18-06-18,30-12-17,1460
Bronchodilators,07-05-17,03-11-17,17-05-17,158
Bronchodilators,26-02-17,25-08-17,08-03-17,844
Cromolyn,30-03-18,26-09-18,09-04-18,1289
Ephedrine,02-08-17,29-01-18,12-08-17,316
Ipratropium,21-05-17,17-11-17,31-05-17,635
Leukotriene Modifiers,04-09-17,03-03-18,14-09-17,1471
Nedocromil,07-05-17,03-11-17,17-05-17,565
Theophylline,20-03-17,16-09-17,30-03-17,174
Antibacterials,19-04-17,16-10-17,29-04-17,258
Antifungals,24-06-17,21-12-17,04-07-17,1096
Amphetamines,25-02-17,24-08-17,07-03-17,904
Atomoxetine,21-10-17,19-04-18,31-10-17,759
Dexmethylphenidate,04-11-17,03-05-18,14-11-17,1025
Methylphenidate,31-05-17,27-11-17,10-06-17,921
Pemoline,23-03-17,19-09-17,02-04-17,1083
Guanfacine,20-04-18,17-10-18,30-04-18,323
Clonidine,07-04-17,04-10-17,17-04-17,1495
Haloperidol,17-01-18,16-07-18,27-01-18,1133
Acetohydroxamic Acid,14-09-17,13-03-18,24-09-17,562
Antibiotics,19-09-17,18-03-18,29-09-17,373
Alpha Adrenergic Receptor Blockers,23-09-17,22-03-18,03-10-17,1157
Dutasteride,24-09-17,23-03-18,04-10-17,513
Finasteride,06-09-17,05-03-18,16-09-17,948
Antipsychotics,25-07-17,21-01-18,04-08-17,874
Anticonvulsants,17-04-17,14-10-17,27-04-17,746
Lithium,30-07-17,26-01-18,09-08-17,658
Adrenocorticoids,10-03-18,06-09-18,20-03-18,1185
Anesthetics,03-11-17,02-05-18,13-11-17,1226
Dimethyl Sulfoxide,02-10-17,31-03-18,12-10-17,580
Clidinium,25-02-18,24-08-18,07-03-18,580
Propantheline,24-03-18,20-09-18,03-04-18,1405
Oxybutynin,17-04-17,14-10-17,27-04-17,1410
Antifibrinolytic Agents,27-03-18,23-09-18,06-04-18,213
Vitamin K,02-01-18,01-07-18,12-01-18,967
Cyclandelate,31-07-17,27-01-18,10-08-17,983
Intermittent Claudication Agents,20-08-17,16-02-18,30-08-17,285
Isoxsuprine,25-09-17,24-03-18,05-10-17,1294
Vitamin E,27-05-17,23-11-17,06-06-17,1139
Anticoagulants,08-04-18,05-10-18,18-04-18,212
Antiplatelets,25-07-17,21-01-18,04-08-17,184
Aspirin,16-01-18,15-07-18,26-01-18,911
Anticholinergics,26-07-17,22-01-18,05-08-17,562
Bronchodilators,11-02-17,10-08-17,21-02-17,950
Bronchodilators,23-07-17,19-01-18,02-08-17,499
Dextromethorphan,17-01-18,16-07-18,27-01-18,686
Ipratropium,23-01-18,22-07-18,02-02-18,1480
Cephalosporins,18-06-17,15-12-17,28-06-17,1094
Fluoroquinolones,14-12-17,12-06-18,24-12-17,1418
Macrolides,19-02-17,18-08-17,01-03-17,547
Sulfonamides,23-03-18,19-09-18,02-04-18,706
Tetracyclines,13-01-18,12-07-18,23-01-18,656
Antidepressants,26-03-18,22-09-18,05-04-18,1352
Lithium,12-03-18,08-09-18,22-03-18,152
Anesthetics,15-09-17,14-03-18,25-09-17,1441
Zinc Supplements,02-04-17,29-09-17,12-04-17,399
Silver Sulfadiazine,05-03-17,01-09-17,15-03-17,232
Neomycin,25-04-17,22-10-17,05-05-17,1030
Polymyxin B,08-03-18,04-09-18,18-03-18,1032
Bacitracin topical,05-01-18,04-07-18,15-01-18,1368
Adrenocorticoids,10-10-17,08-04-18,20-10-17,833
NSAIDs,02-02-18,01-08-18,12-02-18,574
Aspirin,04-03-17,31-08-17,14-03-17,1420
Adrenocorticoids,16-12-17,14-06-18,26-12-17,1443
Aminoglutethimide,26-02-18,25-08-18,08-03-18,1162
Androgens,14-06-17,11-12-17,24-06-17,788
Antiandrogens,07-10-17,05-04-18,17-10-17,745
Antifungals,30-05-17,26-11-17,09-06-17,956
Busulfan,27-10-17,25-04-18,06-11-17,1023
Capecitabine,20-03-17,16-09-17,30-03-17,784
Cholarmbucil,27-02-17,26-08-17,09-03-17,552
Cyclophosphamide,06-10-17,04-04-18,16-10-17,238
Estramustine,16-02-18,15-08-18,26-02-18,178
Estrogens,30-05-17,26-11-17,09-06-17,797
Etoposide,13-04-17,10-10-17,23-04-17,733
Flutamide,26-09-17,25-03-18,06-10-17,944
Hydroxyurea,11-03-17,07-09-17,21-03-17,1411
Imatinib,21-09-17,20-03-18,01-10-17,511
Levamisole,14-03-17,10-09-17,24-03-17,719
Lomustine,18-03-17,14-09-17,28-03-17,483
Melphalan,15-03-17,11-09-17,25-03-17,781
Mercaptopurine,24-03-17,20-09-17,03-04-17,1203
Methotrexate,17-11-17,16-05-18,27-11-17,1257
Mitotane,23-02-17,22-08-17,05-03-17,407
Paclitaxel,21-02-17,20-08-17,03-03-17,1029
Procarbazine,26-04-17,23-10-17,06-05-17,1023
Progestins,10-12-17,08-06-18,20-12-17,1221
Tamoxifen,19-08-17,15-02-18,29-08-17,475
Testolactone,15-11-17,14-05-18,25-11-17,241
Thioguanine,03-03-18,30-08-18,13-03-18,592
Thyroid Hormones,13-04-18,10-10-18,23-04-18,143
Toremifene,12-07-17,08-01-18,22-07-17,468
Fluorouracil,04-09-17,03-03-18,14-09-17,966
Masoprocol,16-05-17,12-11-17,26-05-17,738
Mechlorethamine,13-04-17,10-10-17,23-04-17,1485
Amlexanox,25-09-17,24-03-18,05-10-17,352
Bioadherent,04-06-17,01-12-17,14-06-17,1457
Anesthetics,08-04-17,05-10-17,18-04-17,1315
Corticosteroids,30-05-17,26-11-17,09-06-17,670
Acyclovir,29-05-17,25-11-17,08-06-17,511
Acetaminophen,21-11-17,20-05-18,01-12-17,453
Antihistamines,13-07-17,09-01-18,23-07-17,654
Cholestyramine,23-01-18,22-07-18,02-02-18,388
Colestipol,15-07-17,11-01-18,25-07-17,470
Ezetimibe,25-07-17,21-01-18,04-08-17,1233
Gemfibrozil,06-08-17,02-02-18,16-08-17,874
HMG-CoA Reductase Inhibitors,31-07-17,27-01-18,10-08-17,1250
Neomycin,04-04-17,01-10-17,14-04-17,790
Niacin,07-02-17,06-08-17,17-02-17,1247
Raloxifene,04-04-18,01-10-18,14-04-18,1422
Adrenocorticoids,08-03-17,04-09-17,18-03-17,1373
Bronchodilators,02-12-17,31-05-18,12-12-17,741
Bronchodilators,11-04-18,08-10-18,21-04-18,1281
Ipratropium,09-03-18,05-09-18,19-03-18,536
Tiotropium,16-03-17,12-09-17,26-03-17,1457
Colchicine,17-03-17,13-09-17,27-03-17,734
Cyclosporine,13-10-17,11-04-18,23-10-17,1372
Thiamine,24-05-17,20-11-17,03-06-17,1153
Acetaminophen,14-05-17,10-11-17,24-05-17,403
Anticholinergics,25-08-17,21-02-18,04-09-17,344
Antihistamines,03-07-17,30-12-17,13-07-17,944
Antihistamines,18-02-18,17-08-18,28-02-18,983
NSAIDs,18-01-18,17-07-18,28-01-18,955
Aspirin,25-10-17,23-04-18,04-11-17,1109
Dextromethorphan,28-10-17,26-04-18,07-11-17,937
Ephedrine,13-12-17,11-06-18,23-12-17,606
Guaifenesin,15-07-17,11-01-18,25-07-17,1029
Phenylephrine,12-04-18,09-10-18,22-04-18,911
Phenylephrine,21-08-17,17-02-18,31-08-17,1073
Pseudoephedrine,24-01-18,23-07-18,03-02-18,113
Hyoscyamine,05-12-17,03-06-18,15-12-17,660
Simethicone,20-08-17,16-02-18,30-08-17,567
Bronchodilators,18-12-17,16-06-18,28-12-17,774
Ephedrine,25-09-17,24-03-18,05-10-17,988
Oxymetazoline,24-02-18,23-08-18,06-03-18,1327
Phenylephrine,26-09-17,25-03-18,06-10-17,713
Pseudoephedrine,23-12-17,21-06-18,02-01-18,391
Xylometazoline,08-02-17,07-08-17,18-02-17,137
Angiotensin-Converting Enzyme,27-05-17,23-11-17,06-06-17,183
Digitalis Preparations,20-03-18,16-09-18,30-03-18,501
Beta-Adrenergic Blocking Agents,13-07-17,09-01-18,23-07-17,869
Beta-Adrenergic Blocking Agents and Thiazide,31-10-17,29-04-18,10-11-17,191
Diuretics,10-12-17,08-06-18,20-12-17,1075
Nitrates,02-10-17,31-03-18,12-10-17,1282
Antibacterials,31-01-18,30-07-18,10-02-18,437
Antivirals,29-11-17,28-05-18,09-12-17,1431
NSAIDs,24-03-17,20-09-17,03-04-17,1054
Antiallergic Agents,17-05-17,13-11-17,27-05-17,1405
Laxatives,09-04-18,06-10-18,19-04-18,1221
Lubiprostone,18-08-17,14-02-18,28-08-17,1076
Tegaserod,03-08-17,30-01-18,13-08-17,1208
Contraceptives,24-01-18,23-07-18,03-02-18,1127
Hydantoin,12-02-17,11-08-17,22-02-17,1072
Anticonvulsants,07-02-17,06-08-17,17-02-17,684
Barbiturates,13-02-17,12-08-17,23-02-17,1397
Benzodiazepines,25-01-18,24-07-18,04-02-18,1033
Carbamazepine,13-03-18,09-09-18,23-03-18,854
Divalproex,05-04-17,02-10-17,15-04-17,247
Felbamate,10-03-18,06-09-18,20-03-18,1414
Gabapentin,10-11-17,09-05-18,20-11-17,297
Lamotrigine,15-12-17,13-06-18,25-12-17,1242
Levetiracetam,20-06-17,17-12-17,30-06-17,140
Oxcarbazepine,25-05-17,21-11-17,04-06-17,331
Primidone,05-06-17,02-12-17,15-06-17,1204
Topiramate,04-03-18,31-08-18,14-03-18,1359
Valproic Acid,01-12-17,30-05-18,11-12-17,277
Zonisamide,08-02-17,07-08-17,18-02-17,1377
Antibacterials,19-08-17,15-02-18,29-08-17,784
Adrenocorticoids,02-02-18,01-08-18,12-02-18,132
Aminoglutethimide,02-08-17,29-01-18,12-08-17,1028
Antifungals,29-03-18,25-09-18,08-04-18,1320
Metyrapone,13-04-18,10-10-18,23-04-18,1034
Mitotane,07-02-18,06-08-18,17-02-18,909
Trilostane,28-03-18,24-09-18,07-04-18,1042
Phenazopyridine,12-02-18,11-08-18,22-02-18,143
Sulfonamides and Phenazopyridine,31-03-17,27-09-17,10-04-17,197
Nitrofurantoin,17-03-17,13-09-17,27-03-17,1273
Fosfomycin,20-03-17,16-09-17,30-03-17,855
Fluoroquinolones,14-08-17,10-02-18,24-08-17,234
Cephalosporins,25-12-17,23-06-18,04-01-18,152
Penicillins,17-10-17,15-04-18,27-10-17,1270
Antifungals,08-08-17,04-02-18,18-08-17,1427
Antiseborrheics,03-04-18,30-09-18,13-04-18,1081
Coal Tar,12-03-17,08-09-17,22-03-17,173
Buspirone,30-12-17,28-06-18,09-01-18,1413
Cholinesterase Inhibitors,20-01-18,19-07-18,30-01-18,1143
Ergoloid Mesylates,27-02-17,26-08-17,09-03-17,946
Memantine,14-07-17,10-01-18,24-07-17,913
Haloperidol,03-01-18,02-07-18,13-01-18,918
Antidepressants,01-09-17,28-02-18,11-09-17,1488
Ergoloid Mesylates,02-08-17,29-01-18,12-08-17,711
Loxapine,23-05-17,19-11-17,02-06-17,1250
Maprotiline,11-04-18,08-10-18,21-04-18,585
Methylphenidate,15-07-17,11-01-18,25-07-17,131
Selegiline,07-03-18,03-09-18,17-03-18,1189
Adrenocorticoids,29-01-18,28-07-18,08-02-18,350
Anesthetics,30-05-17,26-11-17,09-06-17,1275
Antiseborrheics,01-05-17,28-10-17,11-05-17,1356
Coal Tar,17-04-17,14-10-17,27-04-17,1251
Colchicine,29-10-17,27-04-18,08-11-17,345
Dapsone,02-03-18,29-08-18,12-03-18,1383
Keratolytics,30-03-18,26-09-18,09-04-18,692
Aminobenzoate Potassium,22-10-17,20-04-18,01-11-17,646
Antidiabetic Agents,17-03-18,13-09-18,27-03-18,304
Attapulgite,15-04-18,12-10-18,25-04-18,1078
Bismuth Subsalicylate,08-08-17,04-02-18,18-08-17,1163
Charcoal Activated,11-10-17,09-04-18,21-10-17,275
Difenoxin and Atropine,29-03-17,25-09-17,08-04-17,1000
Diphenoxylate and Atropine,29-09-17,28-03-18,09-10-17,1054
Kaolin and Pectin,19-06-17,16-12-17,29-06-17,858
Loperamide,27-03-18,23-09-18,06-04-18,690
Nitazoxanide,04-06-17,01-12-17,14-06-17,1341
Paregoric,20-06-17,17-12-17,30-06-17,612
Calcium Supplements,12-03-18,08-09-18,22-03-18,391
Iron Supplements,13-05-17,09-11-17,23-05-17,902
Niacin,25-07-17,21-01-18,04-08-17,1245
Vitamin A,05-05-17,01-11-17,15-05-17,393
Vitamin B-12,17-06-17,14-12-17,27-06-17,859
Vitamin C,18-03-18,14-09-18,28-03-18,864
Vitamin D,01-03-17,28-08-17,11-03-17,1233
Vitamin E,27-12-17,25-06-18,06-01-18,208
Vitamin K,07-02-18,06-08-18,17-02-18,265
Clidinium,22-07-17,18-01-18,01-08-17,912
Difenoxin and Atropine,21-03-18,17-09-18,31-03-18,802
Dicyclomine,15-02-17,14-08-17,25-02-17,1272
Hyoscyamine,11-04-18,08-10-18,21-04-18,1431
Propantheline,24-05-17,20-11-17,03-06-17,433
Caffeine,20-11-17,19-05-18,30-11-17,845
Orphenadrine,31-03-17,27-09-17,10-04-17,935
Protectant,14-02-17,13-08-17,24-02-17,1278
Antibacterials,28-03-17,24-09-17,07-04-17,187
Anti-Inflammatory,15-04-17,12-10-17,25-04-17,216
Antipyrine,01-08-17,28-01-18,11-08-17,188
Phenylephrine,01-08-17,28-01-18,11-08-17,1127
Antipyrine and Benzocaine,18-11-17,17-05-18,28-11-17,494
Adrenocorticoids,25-03-17,21-09-17,04-04-17,843
Antibacterials,08-04-17,05-10-17,18-04-17,1390
Coal Tar,01-04-18,28-09-18,11-04-18,301
Doxepin,05-03-17,01-09-17,15-03-17,1256
Keratolytics,30-06-17,27-12-17,10-07-17,816
Adrenocorticoids,02-08-17,29-01-18,12-08-17,830
Ipratropium,07-10-17,05-04-18,17-10-17,611
Tiotropium,24-08-17,20-02-18,03-09-17,1204
Danazol,06-10-17,04-04-18,16-10-17,1471
Nafarelin,21-01-18,20-07-18,31-01-18,330
Goserelin,16-01-18,15-07-18,26-01-18,864
Leuprolide,14-02-18,13-08-18,24-02-18,430
Oral Contraceptives,05-04-18,02-10-18,15-04-18,923
Alprostadil,21-06-17,18-12-17,01-07-17,1173
Erectile Dysfunction Agents,06-01-18,05-07-18,16-01-18,536
Papaverine,06-04-18,03-10-18,16-04-18,494
Yohimbe,27-01-18,26-07-18,06-02-18,133
Metoclopramide,24-08-17,20-02-18,03-09-17,814
Proton Pump Inhibitors,07-03-17,03-09-17,17-03-17,798
Estrogen,11-09-17,10-03-18,21-09-17,693
Antiallergic Agents,27-11-17,26-05-18,07-12-17,1494
Antibacterials,16-12-17,14-06-18,26-12-17,136
Cromolyn,10-02-17,09-08-17,20-02-17,196
Cycloplegic,10-02-18,09-08-18,20-02-18,841
Decongestants,20-02-17,19-08-17,02-03-17,274
Natamycin,10-02-18,09-08-18,20-02-18,753
Phenylephrine,28-02-17,27-08-17,10-03-17,1224
Caffeine,24-09-17,23-03-18,04-10-17,369
Acetaminophen,09-05-17,05-11-17,19-05-17,1472
NSAIDs,13-06-17,10-12-17,23-06-17,324
Aspirin,01-01-18,30-06-18,11-01-18,947
Barbiturates,17-02-17,16-08-17,27-02-17,635
Chlorzoxazone and Acetaminophen,19-03-17,15-09-17,29-03-17,1203
Narcotic Analgesics and Aspirin,16-04-18,13-10-18,26-04-18,871
Salicylates,13-05-17,09-11-17,23-05-17,181
Danazol,13-02-17,12-08-17,23-02-17,1270
Vitamin E,04-05-17,31-10-17,14-05-17,590
Hydrochlorothiazide,19-10-17,17-04-18,29-10-17,526
Carbonic Anhydrase Inhibitors,29-12-17,27-06-18,08-01-18,1327
Clonidine and Chlorthalidone,22-06-17,19-12-17,02-07-17,510
Guanethidine and Hydrochlorothiazide,15-05-17,11-11-17,25-05-17,822
Hydralazine and Hydrochlorothiazide,28-06-17,25-12-17,08-07-17,402
Indapamide,02-06-17,29-11-17,12-06-17,549
Methyldopa and Thiazide Diuretics,27-03-18,23-09-18,06-04-18,503
Reserpine,01-03-17,28-08-17,11-03-17,245
Antifungals,24-03-17,20-09-17,03-04-17,129
Griseofulvin,10-10-17,08-04-18,20-10-17,247
Nystatin,19-02-17,18-08-17,01-03-17,613
Ursodiol,10-10-17,08-04-18,20-10-17,284
Proton Pump Inhibitors,02-06-17,29-11-17,12-06-17,582
Sucralfate,04-04-18,01-10-18,14-04-18,412
Podofilox,26-12-17,24-06-18,05-01-18,381
Imiquimod,14-09-17,13-03-18,24-09-17,525
Papillomavirus Vaccines,24-09-17,23-03-18,04-10-17,1090
Furazolidone,15-12-17,13-06-18,25-12-17,1037
Chlorhexidine,26-02-18,25-08-18,08-03-18,884
Erythromycins,17-03-17,13-09-17,27-03-17,1377
Penicillins,31-01-18,30-07-18,10-02-18,121
Tetracyclines,25-08-17,21-02-18,04-09-17,1355
Cephalosporins,05-12-17,03-06-18,15-12-17,372
Erythromycins,01-06-17,28-11-17,11-06-17,114
Fluoroquinolones,07-04-17,04-10-17,17-04-17,576
Macrolide Antibiotics,12-07-17,08-01-18,22-07-17,801
Penicillins,15-04-17,12-10-17,25-04-17,1096
Tetracyclines,03-08-17,30-01-18,13-08-17,681
Adrenocorticoids,02-11-17,01-05-18,12-11-17,411
Allopurinol,18-05-17,14-11-17,28-05-17,773
NSAIDs,06-04-18,03-10-18,16-04-18,260
Colchicine,07-10-17,05-04-18,17-10-17,1350
Meloxicam,21-03-18,17-09-18,31-03-18,584
Probenecid,29-10-17,27-04-18,08-11-17,1136
Probenecid and Colchicine,26-07-17,22-01-18,05-08-17,661
Sulfinpyrazone,31-12-17,29-06-18,10-01-18,743
Antharil,24-06-17,21-12-17,04-07-17,707
Finasteride,09-09-17,08-03-18,19-09-17,145
Minoxidil,18-04-17,15-10-17,28-04-17,1464
Antiallergic Agents,11-07-17,07-01-18,21-07-17,988
Antihistamines,24-03-17,20-09-17,03-04-17,422
Antihistamines,03-09-17,02-03-18,13-09-17,688
Antihistamine,16-01-18,15-07-18,26-01-18,605
Ephedrine,14-02-17,13-08-17,24-02-17,1087
Guaifenesin,05-02-17,04-08-17,15-02-17,1310
Hydroxyzine,22-05-17,18-11-17,01-06-17,863
Meclizine,18-03-18,14-09-18,28-03-18,468
Orphenadrine,28-04-17,25-10-17,08-05-17,1241
Phenylephrine,21-08-17,17-02-18,31-08-17,1206
Acetaminophen,10-03-18,06-09-18,20-03-18,1084
Antidepressants,12-03-18,08-09-18,22-03-18,596
Antihistamines,02-04-17,29-09-17,12-04-17,1130
NSAIDs,23-06-17,20-12-17,03-07-17,1052
Aspirin,27-06-17,24-12-17,07-07-17,1390
Barbiturates,03-08-17,30-01-18,13-08-17,903
Buspirone,22-02-17,21-08-17,04-03-17,889
Butorphanol,23-03-18,19-09-18,02-04-18,1222
Caffeine,25-02-17,24-08-17,07-03-17,1355
Calcium Channel Blockers,04-12-17,02-06-18,14-12-17,966
Clonidine,03-03-18,30-08-18,13-03-18,206
Divalproex,07-08-17,03-02-18,17-08-17,1018
Ergotamine,26-03-18,22-09-18,05-04-18,1497
Isometheptene,24-02-17,23-08-17,06-03-17,1286
Lithium,08-09-17,07-03-18,18-09-17,1232
Methysergide,19-03-17,15-09-17,29-03-17,392
Monoamine Oxidase Inhibitors,03-03-18,30-08-18,13-03-18,694
Triptans,17-04-17,14-10-17,27-04-17,343
Amiodarone,07-05-17,03-11-17,17-05-17,1440
Calcium Channel Blockers,18-04-18,15-10-18,28-04-18,1093
Digitalis Preparations,20-06-17,17-12-17,30-06-17,306
Disopyramide,27-02-17,26-08-17,09-03-17,718
Dofetilide,29-11-17,28-05-18,09-12-17,683
Flecainide Acetate,15-03-18,11-09-18,25-03-18,1075
Mexiletine,15-07-17,11-01-18,25-07-17,873
Moricizine,11-03-17,07-09-17,21-03-17,1194
Procainamide,06-03-17,02-09-17,16-03-17,814
Propafenone,23-10-17,21-04-18,02-11-17,319
Quinidine,04-03-18,31-08-18,14-03-18,278
Tocainide,25-05-17,21-11-17,04-06-17,1416
Antacids,20-01-18,19-07-18,30-01-18,947
Proton Pump Inhibitors,18-12-17,16-06-18,28-12-17,562
Sodium Bicarbonate,23-05-17,19-11-17,02-06-17,218
Adrenocorticoids,31-07-17,27-01-18,10-08-17,1179
Anesthetics,14-02-17,13-08-17,24-02-17,1389
Antivirals,16-02-18,15-08-18,26-02-18,801
Hydroxyzine,22-05-17,18-11-17,01-06-17,398
Haloperidol,10-03-17,06-09-17,20-03-17,663
Colesevelam,27-03-17,23-09-17,06-04-17,1155
Colestipol,18-08-17,14-02-18,28-08-17,370
Dextrothyroxine,13-04-18,10-10-18,23-04-18,429
Acarbose,11-02-17,10-08-17,21-02-17,174
Metformin,09-02-18,08-08-18,19-02-18,1050
Antithyroid Drugs,19-05-17,15-11-17,29-05-17,229
Fibrates,05-12-17,03-06-18,15-12-17,210
Gemfibrozil,28-01-18,27-07-18,07-02-18,784
Glucagon,22-11-17,21-05-18,02-12-17,542
Miglitol,21-02-18,20-08-18,03-03-18,1203
Dextrothyroxine,06-11-17,05-05-18,16-11-17,443
Thyroid Hormones,16-02-18,15-08-18,26-02-18,1382
Tolterodine,02-10-17,31-03-18,12-10-17,1430
Bromocriptine,26-12-17,24-06-18,05-01-18,1361
Clomiphene,02-09-17,01-03-18,12-09-17,241
Danazol,05-04-17,02-10-17,15-04-17,673
Progestins,05-11-17,04-05-18,15-11-17,563
Acetaminophen and Salicylates,04-02-17,03-08-17,14-02-17,1290
NSAIDs,20-08-17,16-02-18,30-08-17,1027
COX-2 Inhibitors,16-11-17,15-05-18,26-11-17,571
Aspirin,28-09-17,27-03-18,08-10-17,781
Mesalamine,24-01-18,23-07-18,03-02-18,194
Narcotic Analgesics and Aspirin,08-05-17,04-11-17,18-05-17,987
Salicylates,19-02-18,18-08-18,01-03-18,548
Adrenocorticoids,02-01-18,01-07-18,12-01-18,248
Cyclosporine,14-03-17,10-09-17,24-03-17,749
Mesalamine,05-08-17,01-02-18,15-08-17,1238
Metronidazole,02-05-17,29-10-17,12-05-17,293
Olsalazine,08-08-17,04-02-18,18-08-17,134
Ribavirin,18-04-17,15-10-17,28-04-17,880
Belladonna Alkaloids and Barbiturates,03-03-17,30-08-17,13-03-17,185
Chloral Hydrate,16-12-17,14-06-18,26-12-17,875
Melatonin,23-02-18,22-08-18,05-03-18,1370
Meprobamate,13-05-17,09-11-17,23-05-17,836
Intermittent Claudication Agents,24-02-17,23-08-17,06-03-17,342
Tegaserod,24-03-18,20-09-18,03-04-18,735
Doxepin,23-08-17,19-02-18,02-09-17,928
Melatonin,11-01-18,10-07-18,21-01-18,117
Antifungals,18-09-17,17-03-18,28-09-17,1057
Probenecid and Colchicine,03-08-17,30-01-18,13-08-17,833
Allopurinol,14-02-17,13-08-17,24-02-17,149
Cellulose Sodium Phosphate,03-08-17,30-01-18,13-08-17,841
Citrates,20-05-17,16-11-17,30-05-17,879
Diuretics,20-02-18,19-08-18,02-03-18,532
Penicillamine,07-04-17,04-10-17,17-04-17,756
Sodium Bicarbonate,05-03-18,01-09-18,15-03-18,614
Tiopronin,02-04-18,29-09-18,12-04-18,1061
Antihistamines,04-11-17,03-05-18,14-11-17,1454
Benzodiazepines,21-06-17,18-12-17,01-07-17,1126
Meclizine,03-09-17,02-03-18,13-09-17,269
Cyclandelate,29-08-17,25-02-18,08-09-17,1453
Orphenadrine,11-02-17,10-08-17,21-02-17,260
Pentoxifylline,02-01-18,01-07-18,12-01-18,1164
Quinine,01-04-18,28-09-18,11-04-18,1166
Imatinib,10-04-18,07-10-18,20-04-18,199
Thioguanine,09-04-17,06-10-17,19-04-17,1118
Adrenocorticoids,28-02-17,27-08-17,10-03-17,986
Hydroxychloroquine,29-11-17,28-05-18,09-12-17,741
Methotrexate,02-07-17,29-12-17,12-07-17,462
Quinacrine,01-09-17,28-02-18,11-09-17,315
Cephalosporins,01-09-17,28-02-18,11-09-17,193
Erythromycins,17-01-18,16-07-18,27-01-18,1159
Macrolide Antibiotics,14-10-17,12-04-18,24-10-17,599
Penicillins,10-02-18,09-08-18,20-02-18,854
Tetracyclines,08-08-17,04-02-18,18-08-17,652
Vitamin K,13-07-17,09-01-18,23-07-17,1473
Quinacrine,29-06-17,26-12-17,09-07-17,1063
Antimalarial,11-03-17,07-09-17,21-03-17,1439
Atovaquone,25-02-17,24-08-17,07-03-17,612
Chloroquine,19-04-18,16-10-18,29-04-18,746
Hydroxychloroquine,12-08-17,08-02-18,22-08-17,574
Primaquine,09-01-18,08-07-18,19-01-18,939
Proguanil,24-09-17,23-03-18,04-10-17,763
Quinidine,19-02-17,18-08-17,01-03-17,929
Quinine,30-08-17,26-02-18,09-09-17,1199
Sulfadoxine and Pyrimethamine,04-06-17,01-12-17,14-06-17,883
Androgens,02-06-17,29-11-17,12-06-17,155
Hydroxyurea,05-04-18,02-10-18,15-04-18,107
Levamisole,19-06-17,16-12-17,29-06-17,1143
Melphalan,26-05-17,22-11-17,05-06-17,836
Antihistamines,27-06-17,24-12-17,07-07-17,630
Benzodiazepines,02-07-17,29-12-17,12-07-17,666
Meclizine,23-06-17,20-12-17,03-07-17,494
Scopolamine,26-08-17,22-02-18,05-09-17,826
Estrogens,10-05-17,06-11-17,20-05-17,961
Progestins,05-08-17,01-02-18,15-08-17,1364
COX-2 Inhibitors,10-09-17,09-03-18,20-09-17,547
Contraceptives,09-03-17,05-09-17,19-03-17,659
Danazol,13-04-17,10-10-17,23-04-17,828
Estrogens,12-02-17,11-08-17,22-02-17,430
Progestins,31-01-18,30-07-18,10-02-18,1199
Loxapine,12-11-17,11-05-18,22-11-17,302
Molindone,31-03-18,27-09-18,10-04-18,160
Rauwolfia Alkaloids,03-04-18,30-09-18,13-04-18,399
Risperidone,24-09-17,23-03-18,04-10-17,1131
Clotrimazole,08-07-17,04-01-18,18-07-17,577
Cyclizine,11-01-18,10-07-18,21-01-18,1090
Diphenidol,02-09-17,01-03-18,12-09-17,721
Meclizine,05-02-17,04-08-17,15-02-17,764
Scopolamine,21-05-17,17-11-17,31-05-17,570
Adrenocorticoids,01-03-18,28-08-18,11-03-18,495
Baclofen,31-03-17,27-09-17,10-04-17,1144
Tizanidine,06-01-18,05-07-18,16-01-18,247
Baclofen,17-09-17,16-03-18,27-09-17,218
Chlorzoxazone and Acetaminophen,25-07-17,21-01-18,04-08-17,1173
Dantrolene,15-03-18,11-09-18,25-03-18,1481
Quinine,22-01-18,21-07-18,01-02-18,1196
Adrenocorticoids,07-01-18,06-07-18,17-01-18,502
Antimyasthenics,05-02-17,04-08-17,15-02-17,144
Azathioprine,22-09-17,21-03-18,02-10-17,1298
Cyclosporine,11-11-17,10-05-18,21-11-17,207
Amphetamines,13-04-18,10-10-18,23-04-18,596
Methylphenidate,05-03-18,01-09-18,15-03-18,313
Modafinil,21-11-17,20-05-18,01-12-17,1008
Buprenorphine and Naloxone,28-02-18,27-08-18,10-03-18,230
Adrenocorticoids,15-10-17,13-04-18,25-10-17,621
Bismuth Subsalicylate,18-02-18,17-08-18,28-02-18,825
Diphenidol,04-08-17,31-01-18,14-08-17,1228
Dronabinol,19-09-17,18-03-18,29-09-17,1312
Hydroxyzine,23-04-17,20-10-17,03-05-17,1085
Metoclopramide,15-08-17,11-02-18,25-08-17,1053
Nabilone,07-03-18,03-09-18,17-03-18,1289
Phenothiazines,01-08-17,28-01-18,11-08-17,1133
Scopolamine,30-07-17,26-01-18,09-08-17,1134
Trimethobenzamide,14-02-17,13-08-17,24-02-17,827
Folic Acid,16-12-17,14-06-18,26-12-17,917
Beta Carotene,26-02-18,25-08-18,08-03-18,1045
Appetite Suppressants,29-04-17,26-10-17,09-05-17,965
Lorcaserin,07-09-17,06-03-18,17-09-17,1354
Phentermine,18-05-17,14-11-17,28-05-17,827
Orlistat,26-11-17,25-05-18,06-12-17,1294
Liraglutide,26-06-17,23-12-17,06-07-17,166
Bupropion and Naltrexone,04-04-17,01-10-17,14-04-17,1371
Antidepressants,12-03-18,08-09-18,22-03-18,954
Dorzolamide,07-02-17,06-08-17,17-02-17,1489
Alendronate,18-01-18,17-07-18,28-01-18,934
Bone Formation Agents,09-01-18,08-07-18,19-01-18,531
Calcitonin,13-01-18,12-07-18,23-01-18,225
Calcium Supplements,14-12-17,12-06-18,24-12-17,377
Estrogens,10-12-17,08-06-18,20-12-17,680
Raloxifene,07-02-18,06-08-18,17-02-18,1051
Sodium Fluoride,04-03-17,31-08-17,14-03-17,131
Vitamin D,25-09-17,24-03-18,05-10-17,869
Tolterodine,18-09-17,17-03-18,28-09-17,1005
TCA,30-10-17,28-04-18,09-11-17,670
Mirabegron,09-05-17,05-11-17,19-05-17,1180
Ipecac,05-12-17,03-06-18,15-12-17,1433
Alendronate,20-10-17,18-04-18,30-10-17,602
Colchicine,29-08-17,25-02-18,08-09-17,1222
Etidronate,14-10-17,12-04-18,24-10-17,762
Anesthetics,04-12-17,02-06-18,14-12-17,546
Antidepressants,09-01-18,08-07-18,19-01-18,1347
Benzodiazepines,06-08-17,02-02-18,16-08-17,402
Monoamine Oxidase Inhibitors,31-12-17,29-06-18,10-01-18,680
Anthelmintics,21-02-18,20-08-18,03-03-18,1461
Pentamidine,24-04-17,21-10-17,04-05-17,742
Antidyskinetics,16-06-17,13-12-17,26-06-17,1467
Antihistamines,10-07-17,06-01-18,20-07-17,1420
Antivirals for Influenza,25-07-17,21-01-18,04-08-17,685
Bromocriptine,05-02-17,04-08-17,15-02-17,871
Carbidopa and Levodopa,18-07-17,14-01-18,28-07-17,514
Levodopa,30-10-17,28-04-18,09-11-17,1302
Orphenadrine,22-03-17,18-09-17,01-04-17,858
Pergolide,12-03-17,08-09-17,22-03-17,554
Selegiline,26-11-17,25-05-18,06-12-17,162
Tolcapone,26-02-17,25-08-17,08-03-17,554
Antihistamines,23-01-18,22-07-18,02-02-18,548
Niacin,07-08-17,03-02-18,17-08-17,1052
Pellagra,21-03-18,17-09-18,31-03-18,1422
Aminobenzoate Potassium,24-03-17,20-09-17,03-04-17,1046
Charcoal Activated,17-03-18,13-09-18,27-03-18,982
Ipecac,04-01-18,03-07-18,14-01-18,1068
Potassium Supplements,10-04-17,07-10-17,20-04-17,1063
Isoxsuprine,19-12-17,17-06-18,29-12-17,1249
Ritodrine,03-05-17,30-10-17,13-05-17,233
Antidepressants,07-06-17,04-12-17,17-06-17,770
NSAIDs,06-11-17,05-05-18,16-11-17,1111
Buspirone,26-08-17,22-02-18,05-09-17,1024
Calcium Supplements,15-12-17,13-06-18,25-12-17,1192
Contraceptives,11-03-17,07-09-17,21-03-17,327
Danazol,21-12-17,19-06-18,31-12-17,1498
Pyridoxine,08-07-17,04-01-18,18-07-17,1090
Vitamin E,10-05-17,06-11-17,20-05-17,289
Benzoyl Peroxide,27-04-17,24-10-17,07-05-17,1129
Adrenocorticoids,09-09-17,08-03-18,19-09-17,358
Anthralin,01-01-18,30-06-18,11-01-18,745
Biologics for Psoriasis,17-02-17,16-08-17,27-02-17,297
Calcipotriene,04-07-17,31-12-17,14-07-17,420
Coal Tar,26-04-17,23-10-17,06-05-17,1381
Cyclosporine,20-07-17,16-01-18,30-07-17,1332
Keratolytics,09-09-17,08-03-18,19-09-17,1064
Methotrexate,24-09-17,23-03-18,04-10-17,314
Psoralens,05-12-17,03-06-18,15-12-17,1234
Retinoids,02-02-18,01-08-18,12-02-18,279
Thiothixene,28-02-17,27-08-17,10-03-17,764
Aripiprazole,14-01-18,13-07-18,24-01-18,851
Carbamazepine,30-03-17,26-09-17,09-04-17,651
Clozapine,27-03-17,23-09-17,06-04-17,379
Haloperidol,12-05-17,08-11-17,22-05-17,761
Loxapine,30-06-17,27-12-17,10-07-17,1276
Molindone,17-05-17,13-11-17,27-05-17,770
Olanzapine,12-09-17,11-03-18,22-09-17,487
Phenothiazines,11-07-17,07-01-18,21-07-17,1399
Quetiapine,06-04-18,03-10-18,16-04-18,976
Risperidone,10-11-17,09-05-18,20-11-17,482
Thiothixene,08-11-17,07-05-18,18-11-17,1211
Ziprasidone,26-06-17,23-12-17,06-07-17,1348
Anesthetics,01-04-17,28-09-17,11-04-17,591
Ribavirin,03-07-17,30-12-17,13-07-17,871
Vitamin D,29-10-17,27-04-18,08-11-17,1467
Antibacterials,05-03-18,01-09-18,15-03-18,331
Azelaic Acid,29-09-17,28-03-18,09-10-17,172
Tetracyclines,21-01-18,20-07-18,31-01-18,1019
Pediculicides,19-05-17,15-11-17,29-05-17,220
Aripiprazole,17-04-17,14-10-17,27-04-17,1385
Carbamazepine,06-11-17,05-05-18,16-11-17,217
Clozapine,13-08-17,09-02-18,23-08-17,1330
Haloperidol,18-10-17,16-04-18,28-10-17,725
Molindone,13-06-17,10-12-17,23-06-17,937
Olanzapine,21-01-18,20-07-18,31-01-18,1297
Phenothiazines,30-09-17,29-03-18,10-10-17,248
Quetiapine,25-10-17,23-04-18,04-11-17,489
Risperidone,16-12-17,14-06-18,26-12-17,1481
Aminobenzoate Potassium,06-04-17,03-10-17,16-04-17,1466
Antivirals for Herpes Virus,07-06-17,04-12-17,17-06-17,147
Capsaicin,14-05-17,10-11-17,24-05-17,326
Hydroxyurea,28-05-17,24-11-17,07-06-17,1206
Cephalosporins,16-10-17,14-04-18,26-10-17,1274
Macrolide Antibiotics,01-03-18,28-08-18,11-03-18,298
Penicillins,26-09-17,25-03-18,06-10-17,401
Sulfonamides,10-09-17,09-03-18,20-09-17,156
Tetracyclines,14-10-17,12-04-18,24-10-17,563
Trimethoprim,13-03-18,09-09-18,23-03-18,638
Xylometazoline,11-10-17,09-04-18,21-10-17,1016
Cyclophosphamide,09-10-17,07-04-18,19-10-17,853
Isotretinoin,09-02-18,08-08-18,19-02-18,488
Neomycin,11-02-17,10-08-17,21-02-17,507
Retinoids,09-01-18,08-07-18,19-01-18,1457
Botulinum Toxin,12-01-18,11-07-18,22-01-18,1302
Modafinil,27-01-18,26-07-18,06-02-18,129
Armodafinil,17-02-18,16-08-18,27-02-18,673
Progestins,08-04-18,05-10-18,18-04-18,1143
Theophylline,27-09-17,26-03-18,07-10-17,988
Varenicline,25-08-17,21-02-18,04-09-17,1348
Bupropion,26-02-17,25-08-17,08-03-17,1210
Clonidine,29-11-17,28-05-18,09-12-17,1007
Nicotine Transdermal Systems,12-05-17,08-11-17,22-05-17,1355
Platelet Inhibitors,17-09-17,16-03-18,27-09-17,1339
Adrenocorticoids,19-02-17,18-08-17,01-03-17,1255
Anesthetics,14-06-17,11-12-17,24-06-17,731
Cephalosporins,13-12-17,11-06-18,23-12-17,1111
Macrolide Antibiotics,28-06-17,25-12-17,08-07-17,995
Antidyskinetics,17-03-17,13-09-17,27-03-17,138
Haloperidol,10-06-17,07-12-17,20-06-17,941
Pyrimethamine,13-12-17,11-06-18,23-12-17,587
Leucovorin,25-03-17,21-09-17,04-04-17,142
Atovaquone,26-10-17,24-04-18,05-11-17,319
Azathioprine,20-08-17,16-02-18,30-08-17,367
Cyclosporine,04-04-17,01-10-17,14-04-17,277
Immunosuppressive Agents,01-02-18,31-07-18,11-02-18,1037
Benzodiazepines,04-06-17,01-12-17,14-06-17,1357
Baclofen,17-04-17,14-10-17,27-04-17,133
Carbamazepine,30-03-18,26-09-18,09-04-18,148
Lamotrigine,08-02-17,07-08-17,18-02-17,378
Cycloserine,28-04-17,25-10-17,08-05-17,794
Ethionamide,03-12-17,01-06-18,13-12-17,321
Isoniazid,25-11-17,24-05-18,05-12-17,946
Rifamycins,16-02-17,15-08-17,26-02-17,616
Antacids,06-02-17,05-08-17,16-02-17,1019
Anticholinergics,19-01-18,18-07-18,29-01-18,509
Bismuth Subsalicylate,18-09-17,17-03-18,28-09-17,1291
Glycopyrrolate,21-03-18,17-09-18,31-03-18,1059
Histamine H2 Receptor Antagonists,22-06-17,19-12-17,02-07-17,445
Metronidazole,03-06-17,30-11-17,13-06-17,922
Proton Pump Inhibitors,03-01-18,02-07-18,13-01-18,475
Sodium Bicarbonate,02-03-17,29-08-17,12-03-17,297
Sucralfate,09-04-18,06-10-18,19-04-18,792
Tetracyclines,11-02-18,10-08-18,21-02-18,1063
Olsalazine,20-07-17,16-01-18,30-07-17,1257
Sulfasalazine,13-04-17,10-10-17,23-04-17,1238
Clidinium,26-07-17,22-01-18,05-08-17,512
Propantheline,10-03-18,06-09-18,20-03-18,920
Erythromycins,18-08-17,14-02-18,28-08-17,975
Fluoroquinolones,14-04-18,11-10-18,24-04-18,174
Macrolide Antibiotics,09-02-18,08-08-18,19-02-18,1176
Phenazopyridine,04-04-17,01-10-17,14-04-17,1409
Sulfonamides and Phenazopyridine,03-10-17,01-04-18,13-10-17,859
Tetracyclines,13-05-17,09-11-17,23-05-17,358
Oxybutynin,07-11-17,06-05-18,17-11-17,973
Tolterodine,15-05-17,11-11-17,25-05-17,473
Antimyasthenics,07-11-17,06-05-18,17-11-17,629
Bethanechol,22-10-17,20-04-18,01-11-17,396
Acetohydroxamic Acid,23-03-18,19-09-18,02-04-18,957
Atropine,10-04-18,07-10-18,20-04-18,834
Cephalosporins,15-09-17,14-03-18,25-09-17,1250
Cinoxacin,10-12-17,08-06-18,20-12-17,704
Cycloserine,22-11-17,21-05-18,02-12-17,908
Flavoxate,04-04-18,01-10-18,14-04-18,1462
Fluoroquinolones,02-02-18,01-08-18,12-02-18,664
Loracarbef,08-03-18,04-09-18,18-03-18,1044
Methenamine,20-01-18,19-07-18,30-01-18,273
Penicillins,18-05-17,14-11-17,28-05-17,1113
Penicillins and Beta Lactamase Inhibitors,14-03-17,10-09-17,24-03-17,165
Phenazopyridine,09-05-17,05-11-17,19-05-17,1188
Sulfonamides,02-07-17,29-12-17,12-07-17,751
Trimethoprim,09-03-17,05-09-17,19-03-17,1330
Tetracyclines,20-08-17,16-02-18,30-08-17,704
Citrates,14-12-17,12-06-18,24-12-17,1414
Vitamin C,10-07-17,06-01-18,20-07-17,942
Clindamycin,09-09-17,08-03-18,19-09-17,628
Estrogens,19-03-17,15-09-17,29-03-17,1086
Metronidazole,02-11-17,01-05-18,12-11-17,783
Progestins,14-07-17,10-01-18,24-07-17,501
Antifungals,27-10-17,25-04-18,06-11-17,618
Meclizine,21-03-18,17-09-18,31-03-18,176
Niacin,27-01-18,26-07-18,06-02-18,1114
Pantothenic Acid,26-08-17,22-02-18,05-09-17,1346
Riboflavin,17-10-17,15-04-18,27-10-17,970
Vitamin A,02-03-18,29-08-18,12-03-18,825
Vitamin B-12,28-03-17,24-09-17,07-04-17,128
Vitamin C,05-06-17,02-12-17,15-06-17,1085
Vitamin D,27-05-17,23-11-17,06-06-17,285
Vitamin E,14-04-18,11-10-18,24-04-18,901
Vitamin K,01-03-18,28-08-18,11-03-18,310
Psoralens,25-01-18,24-07-18,04-02-18,1290
Corticosteroids,27-03-18,23-09-18,06-04-18,1451
Tacrolimus,27-03-17,23-09-17,06-04-17,1444
Keratolytics,26-12-17,24-06-18,05-01-18,763
Retinoids,27-06-17,24-12-17,07-07-17,110
Penicillamine,19-07-17,15-01-18,29-07-17,268
Zinc Supplements,30-09-17,29-03-18,10-10-17,886
Anthelmintics,30-09-17,29-03-18,10-10-17,102
Zinc Supplements,18-03-17,14-09-17,28-03-17,718
Adalat CC,15-02-17,14-08-17,25-02-17,106
Adalimumab,22-01-18,21-07-18,01-02-18,770
Adapalene,09-03-17,05-09-17,19-03-17,352
Adcirca,12-04-17,09-10-17,22-04-17,169
Adderall,24-08-17,20-02-18,03-09-17,470
Adderall XR,24-03-17,20-09-17,03-04-17,1316
Adefovir Dipivoxil,22-04-17,19-10-17,02-05-17,761
Adenoscan,15-02-18,14-08-18,25-02-18,319
Adenosine,21-11-17,20-05-18,01-12-17,560
Adipex-P,20-04-17,17-10-17,30-04-17,343
Adoxa,16-11-17,15-05-18,26-11-17,983
Adrenalin,23-04-17,20-10-17,03-05-17,658
AdreView,04-01-18,03-07-18,14-01-18,273
Adriamycin PFS,17-11-17,16-05-18,27-11-17,1452
Advair Diskus,17-08-17,13-02-18,27-08-17,680
Advair HFA,29-03-17,25-09-17,08-04-17,1396
Advicor,26-03-17,22-09-17,05-04-17,1073
Aerospan HFA,20-04-18,17-10-18,30-04-18,966
Afinitor,19-02-17,18-08-17,01-03-17,316
Afluria,03-05-17,30-10-17,13-05-17,394
Agalsidase Beta,01-05-17,28-10-17,11-05-17,491
Aggrastat,18-04-18,15-10-18,28-04-18,660
Aggrenox,01-03-18,28-08-18,11-03-18,1246
Agrylin,06-10-17,04-04-18,16-10-17,1266
Ak-Fluor,06-03-18,02-09-18,16-03-18,1381
Akineton,07-02-17,06-08-17,17-02-17,1329
Alamast,08-04-18,05-10-18,18-04-18,298
Albendazole,16-10-17,14-04-18,26-10-17,1363
Albenza,04-09-17,03-03-18,14-09-17,1255
"Albumin, Human",30-09-17,29-03-18,10-10-17,499
Albuminar,30-06-17,27-12-17,10-07-17,1245
Albuterol Sulfate,14-01-18,13-07-18,24-01-18,399
Albuterol Sulfate Inhalation Aerosol,19-02-18,18-08-18,01-03-18,163
Alcaine,23-12-17,21-06-18,02-01-18,586
Alclometasone Dipropionate,19-11-17,18-05-18,29-11-17,642
Aldactazide,27-05-17,23-11-17,06-06-17,618
Aldactone,21-02-18,20-08-18,03-03-18,941
Aldara,11-02-17,10-08-17,21-02-17,243
Aldesleukin,18-05-17,14-11-17,28-05-17,1475
Aldomet,06-10-17,04-04-18,16-10-17,552
Aldoril,10-11-17,09-05-18,20-11-17,929
Aldurazyme,05-10-17,03-04-18,15-10-17,421
Alefacept,29-12-17,27-06-18,08-01-18,1472
Alemtuzumab,09-04-17,06-10-17,19-04-17,1199
Alendronate Sodium,23-05-17,19-11-17,02-06-17,272
Alesse,03-08-17,30-01-18,13-08-17,784
Alfenta,29-01-18,28-07-18,08-02-18,430
Alfentanil,10-02-17,09-08-17,20-02-17,382
Alfuzosin HCl,02-01-18,01-07-18,12-01-18,816
Alglucosidase Alfa,16-02-17,15-08-17,26-02-17,992
Alimta,07-03-18,03-09-18,17-03-18,1064
Alinia,03-05-17,30-10-17,13-05-17,1446
Alitretinoin,01-02-18,31-07-18,11-02-18,244
Alkeran,09-09-17,08-03-18,19-09-17,1498
Allegra,30-10-17,28-04-18,09-11-17,999
Allegra-D,09-02-18,08-08-18,19-02-18,428
Allegra D 24 Hour,06-12-17,04-06-18,16-12-17,443
Allernaze,26-11-17,25-05-18,06-12-17,1152
Alli,13-05-17,09-11-17,23-05-17,1440
Allopurinol,19-05-17,15-11-17,29-05-17,969
Almotriptan Malate,09-08-17,05-02-18,19-08-17,820
Alocril,19-11-17,18-05-18,29-11-17,245
Alomide,02-10-17,31-03-18,12-10-17,1274
Aloprim,13-01-18,12-07-18,23-01-18,1320
Alora,25-08-17,21-02-18,04-09-17,1002
Alosetron Hydrochloride,28-02-17,27-08-17,10-03-17,1370
Aloxi,15-03-17,11-09-17,25-03-17,657
Alphanate,01-07-17,28-12-17,11-07-17,267
Alprazolam,16-09-17,15-03-18,26-09-17,1228
Alprostadil,15-02-17,14-08-17,25-02-17,576
Alrex,23-08-17,19-02-18,02-09-17,682
Alsuma,23-05-17,19-11-17,02-06-17,1246
Altabax,27-06-17,24-12-17,07-07-17,169
Altace,10-02-18,09-08-18,20-02-18,1191
Alteplase,08-03-18,04-09-18,18-03-18,973
Altocor,28-12-17,26-06-18,07-01-18,640
Altoprev,30-10-17,28-04-18,09-11-17,251
Altretamine,02-05-17,29-10-17,12-05-17,789
Alupent,20-09-17,19-03-18,30-09-17,627
Alvesco,22-11-17,21-05-18,02-12-17,345
Amantadine Hydrochloride,14-11-17,13-05-18,24-11-17,1306
Amaryl,25-11-17,24-05-18,05-12-17,1281
Ambien,04-01-18,03-07-18,14-01-18,458
Ambien CR,31-10-17,29-04-18,10-11-17,660
Ambisome,16-11-17,15-05-18,26-11-17,487
Amerge,23-05-17,19-11-17,02-06-17,1398
Americaine,20-11-17,19-05-18,30-11-17,766
Amevive,16-03-18,12-09-18,26-03-18,196
Amicar,30-04-17,27-10-17,10-05-17,533
Amifostine,24-03-17,20-09-17,03-04-17,1490
Amikacin,15-02-18,14-08-18,25-02-18,1346
Amikin,30-04-17,27-10-17,10-05-17,1245
Amiloride,12-11-17,11-05-18,22-11-17,759
Amiloride and Hydrochlorothiazide,20-04-18,17-10-18,30-04-18,1292
Amiloride Hydrochloride,21-04-17,18-10-17,01-05-17,1494
Amino Acids,16-12-17,14-06-18,26-12-17,800
Aminocaproic Acid,24-02-18,23-08-18,06-03-18,574
Aminoglutethimide,10-02-17,09-08-17,20-02-17,872
Aminohippurate Sodium,13-07-17,09-01-18,23-07-17,470
Aminolevulinic Acid,25-10-17,23-04-18,04-11-17,900
Aminosalicylic Acid,04-08-17,31-01-18,14-08-17,386
Aminosyn II 8.5%,26-03-18,22-09-18,05-04-18,687
Aminosyn II in Dextrose,10-03-18,06-09-18,20-03-18,328
Amitiza,18-07-17,14-01-18,28-07-17,274
Amitriptyline,10-03-17,06-09-17,20-03-17,1008
Amlexanox,05-05-17,01-11-17,15-05-17,966
Amlodipine Besylate,22-01-18,21-07-18,01-02-18,1214
Amoxapine,21-05-17,17-11-17,31-05-17,657
Amoxicillin,02-07-17,29-12-17,12-07-17,1086
Amoxicillin Clavulanate,10-03-18,06-09-18,20-03-18,137
Amoxil,23-10-17,21-04-18,02-11-17,1133
Amphadase,11-12-17,09-06-18,21-12-17,1443
Amphetamine,01-01-18,30-06-18,11-01-18,237
Amphotericin B,22-02-18,21-08-18,04-03-18,1080
Ampicillin,18-08-17,14-02-18,28-08-17,1201
Ampyra,22-09-17,21-03-18,02-10-17,1390
Amrix,07-07-17,03-01-18,17-07-17,1421
Amyl Nitrite,03-12-17,01-06-18,13-12-17,394
Amytal Sodium,12-11-17,11-05-18,22-11-17,779
Anabolic steroids,21-06-17,18-12-17,01-07-17,123
Anadrol-50,27-03-17,23-09-17,06-04-17,1483
Anafranil,21-05-17,17-11-17,31-05-17,447
Anagrelide,07-12-17,05-06-18,17-12-17,791
Anakinra,09-06-17,06-12-17,19-06-17,248
Anastrozole,15-11-17,14-05-18,25-11-17,113
Ancobon,11-05-17,07-11-17,21-05-17,828
Androderm,09-05-17,05-11-17,19-05-17,1468
AndroGel,16-04-18,13-10-18,26-04-18,1234
Anectine,12-12-17,10-06-18,22-12-17,928
Angeliq,29-03-18,25-09-18,08-04-18,239
Angiomax,27-12-17,25-06-18,06-01-18,1127
Anidulafungin,31-10-17,29-04-18,10-11-17,1315
Anisindione,17-11-17,16-05-18,27-11-17,1174
Ansaid,25-10-17,23-04-18,04-11-17,356
Antabuse,25-09-17,24-03-18,05-10-17,214
Antara,13-05-17,09-11-17,23-05-17,1484
Anthralin,10-07-17,06-01-18,20-07-17,186
Antihemophilic Factor,05-10-17,03-04-18,15-10-17,929
Antithrombin,14-05-17,10-11-17,24-05-17,195
Antivenin,04-03-17,31-08-17,14-03-17,1422
Antivert,12-02-17,11-08-17,22-02-17,1039
Antizol,12-05-17,08-11-17,22-05-17,1381
Anturane,14-02-17,13-08-17,24-02-17,1212
Anusol Hc,18-02-17,17-08-17,28-02-17,1111
Aphthasol,02-10-17,31-03-18,12-10-17,495
Apidra,17-02-17,16-08-17,27-02-17,303
Aplenzin,11-06-17,08-12-17,21-06-17,1373
Apokyn,29-03-17,25-09-17,08-04-17,347
Apomorphine,03-08-17,30-01-18,13-08-17,1383
Apraclonidine,20-03-18,16-09-18,30-03-18,1269
Apresazide,27-08-17,23-02-18,06-09-17,225
Apresoline,13-05-17,09-11-17,23-05-17,245
Apri,10-11-17,09-05-18,20-11-17,920
Apriso,12-05-17,08-11-17,22-05-17,890
Aprotinin,18-06-17,15-12-17,28-06-17,682
Aptivus,05-12-17,03-06-18,15-12-17,888
Aquasol A,21-12-17,19-06-18,31-12-17,528
Aralen,27-10-17,25-04-18,06-11-17,518
Aramine,28-01-18,27-07-18,07-02-18,1376
Aranesp,23-02-18,22-08-18,05-03-18,187
Arava,17-02-17,16-08-17,27-02-17,1150
Arcalyst,26-01-18,25-07-18,05-02-18,932
Aredia,06-02-17,05-08-17,16-02-17,947
Argatroban,27-02-17,26-08-17,09-03-17,110
Aricept,23-02-18,22-08-18,05-03-18,1192
Arimidex,02-11-17,01-05-18,12-11-17,332
Aripiprazole,26-02-18,25-08-18,08-03-18,956
Aristocort,22-01-18,21-07-18,01-02-18,709
Arixtra,18-03-17,14-09-17,28-03-17,218
Armodafinil,25-10-17,23-04-18,04-11-17,1131
Aromasin,18-12-17,16-06-18,28-12-17,393
Arranon,29-06-17,26-12-17,09-07-17,948
Artane,09-10-17,07-04-18,19-10-17,1456
Arthrotec,22-01-18,21-07-18,01-02-18,159
Arzerra,27-03-18,23-09-18,06-04-18,605
Asacol,01-05-17,28-10-17,11-05-17,667
Asacol HD,17-11-17,16-05-18,27-11-17,622
Asclera,29-08-17,25-02-18,08-09-17,134
Ascorbic Acid,09-12-17,07-06-18,19-12-17,1368
Asmanex Twisthaler,07-11-17,06-05-18,17-11-17,606
Asparaginase,21-07-17,17-01-18,31-07-17,1316
Aspirin,24-01-18,23-07-18,03-02-18,391
Astelin,29-11-17,28-05-18,09-12-17,1374
Astemizole,28-07-17,24-01-18,07-08-17,1076
Astepro,24-02-17,23-08-17,06-03-17,242
Atacand,03-10-17,01-04-18,13-10-17,859
Atacand HCT,27-02-18,26-08-18,09-03-18,872
Atazanavir Sulfate,18-04-17,15-10-17,28-04-17,709
Atenolol and Chlorthalidone,22-01-18,21-07-18,01-02-18,222
Atgam,28-03-18,24-09-18,07-04-18,687
Ativan,19-02-17,18-08-17,01-03-17,1408
Atomoxetine HCl,14-09-17,13-03-18,24-09-17,279
Atorvastatin Calcium,21-06-17,18-12-17,01-07-17,520
Atovaquone,11-06-17,08-12-17,21-06-17,263
Atracurium Besylate,29-01-18,28-07-18,08-02-18,836
Atralin,12-02-18,11-08-18,22-02-18,1139
Atridox,04-02-17,03-08-17,14-02-17,744
Atripla,04-01-18,03-07-18,14-01-18,828
Atromid-S,04-03-18,31-08-18,14-03-18,929
Atropen,17-11-17,16-05-18,27-11-17,1241
Atropine,07-01-18,06-07-18,17-01-18,1274
Atrovent HFA,11-02-17,10-08-17,21-02-17,1370
Atryn,28-10-17,26-04-18,07-11-17,196
Augmentin,26-08-17,22-02-18,05-09-17,345
Augmentin XR,05-11-17,04-05-18,15-11-17,737
Auralgan,23-03-17,19-09-17,02-04-17,747
Avage,25-03-18,21-09-18,04-04-18,1447
Avalide,26-07-17,22-01-18,05-08-17,124
Avandamet,10-04-17,07-10-17,20-04-17,808
Avandaryl,25-01-18,24-07-18,04-02-18,139
Avandia,28-02-17,27-08-17,10-03-17,1151
Avapro,30-12-17,28-06-18,09-01-18,920
Avastin,16-12-17,14-06-18,26-12-17,962
Avelox,21-04-17,18-10-17,01-05-17,197
Avinza,25-01-18,24-07-18,04-02-18,1065
Avodart,23-11-17,22-05-18,03-12-17,1268
Avonex,26-06-17,23-12-17,06-07-17,1011
Axert,01-03-18,28-08-18,11-03-18,1478
Axid,07-03-17,03-09-17,17-03-17,570
Aygestin,08-05-17,04-11-17,18-05-17,172
Azacitidine,20-09-17,19-03-18,30-09-17,678
Azasan,18-11-17,17-05-18,28-11-17,1170
Azasite,05-05-17,01-11-17,15-05-17,943
Azathioprine,24-03-17,20-09-17,03-04-17,1366
Azelaic Acid,23-03-17,19-09-17,02-04-17,1184
Azelastine Hydrochloride,25-04-17,22-10-17,05-05-17,883
Azelex,20-07-17,16-01-18,30-07-17,667
Azilect,15-06-17,12-12-17,25-06-17,741
Azithromycin,26-03-18,22-09-18,05-04-18,427
Azmacort,08-11-17,07-05-18,18-11-17,640
Azopt,15-03-18,11-09-18,25-03-18,444
Azor,04-04-17,01-10-17,14-04-17,922
Azulfidine EN-Tabs,10-06-17,07-12-17,20-06-17,1279
